business_name,rating,review_count,category,address,hours,phone,has_website,review
Hi Tech Auto Spa,4.7,113,,,,,,They put life back into my car and made it look 150% better inside and out.
Ultimate Auto Detailing LLC,4.9,95,,,,,,I picked up my car this morning and it literally looks brand new!!
Lucca's Detailing,5.0,75,,,,,,He spent many hours detailing my car - 5 years later and it looks like NEW.
Nyack Village Auto Spa,4.4,43,,,,,,Great job with the car and great customer service from Ray!
ACE Detailing,5.0,6,,,,,,Excellent service my car looks AMAZING.
Prestigious AutoCare,5.0,12,,,,,,Gave amazing customer service and left my car looking and smelling amazing.
Hydro Auto Spa,4.3,50,,,,,,They did a fabulous job cleaning my car.
JFM Auto Spa Hand Wash Corp.,4.5,69,,,,,,My car looks brand new after leaving this place.
SnacksMobileDetailing,4.7,133,,,,,,Did a great job getting all the stains out and car smells brand new.
Flex Auto Style,5.0,43,,,,,,"The quality of the wrap is exceptional, and my car looks better than ever."
Ultimate Auto Body,4.8,212,,,,,,"Got my SUV looking brand new, like it just rolled off the lot."
ULTIMATE GLOSS / AUTO DETAILING / PAINT PROTECTION,5.0,45,,,,,,"The exterior looks flawless, and the interior feels brand new again."
Clean Rides Autocare,5.0,18,,,,,,clean rides autocare made my car look and smell brand new
Drip Car Detailing,5.0,1,,,,,,"They arrived on time, cleaned every nook, and the car looks showroom-ready."
Ultimate Auto Detailing,5.0,49,,,,,,It came out looking better than when the car was brand new.
auto corp detail,5.0,4,,,,,,Great pricing with even better service!!!
Harvey's Mobile Detailing,3.7,3,,,,,,I highly recommend his services.
Ultimate Touch,4.9,39,,,,,,"TLDR: Price was right, car looks brand new."
Ultimate Auto Body,4.8,143,,,,,,I got my car back in a timely manner and it looks brand new.
Angry Monkey Detailing,5.0,6,,,,,,Angry Monkey Detailing made my RAV4 look brand new.
Universal Mobile Car Detailing,4.8,16,,,,,,Will definitely return!
Ultimate Detail Inc,5.0,7,,,,,,"Every car (20 or more) I've brought her, they all came out perfect."
Ultimate Detail Shop,5.0,7,,,,,,Adam did an excellent job on my 1998 M Roadster!!
Ultimate Auto Body,4.9,99,,,,,,"After completion of the repair, my car looked amazing!"
New City Auto Spa,4.9,158,,,,,,"They did a GREAT job, my car came back looking better than when I bought it."
Ultimate Auto Care KY,5.0,66,,,,,,"My car has never looked this good, and I drove it brand new off a car lot."
Mobile Auto Care Cleaning LLC,5.0,23,,,,,,They are very reasonably priced and are passionate about their work.
Tkev WipeMeDown Mobile Detailing LLC,4.7,13,,,,,,Kev did a wonderful job on my car.
NeatCar Wash&Detail,4.9,66,,,,,,They do amazing job in my Car im so happy  my old car looks like new !!!
Auto Geek,5.0,13,,,,,,Fast service and of great quality.
Affinity Auto Detailing,4.9,346,,,,,,Both visits left our car looking shiny & brand new!
Kleen Co,5.0,58,,,,,,"My car was spotless inside and out, looked like a brand new car."
Ultimate Pro Detailing,5.0,10,,,,,,"The best car detailing weve tried, left everything like brand new."
Detailer's Domain,5.0,528,,,,,,Phil and team does excellent work beyond the level of car detailing.
Shiner Mobile Detailing NJ,5.0,78,,,,,,The attention to detail was insane - my car looks BRAND NEW again.
Shine on car detailing,5.0,4,,,,,,Amazing customer service Does an amazing job would highly recommend
212 Mobile Detailing,5.0,17,,,,,,My car is spotless inside and out-it looks brand new.
212 Mobile Detailing,5.0,157,,,,,,My car looks so clean and feels brand new!!
Moes Mobile Detailing,5.0,172,,,,,,My car looks spotless inside and out  it's like new again!
The True Touch Mobile Detailing,5.0,119,,,,,,Chris did an amazing job detailing my husband and Is car at a great price!
201 Auto Detailing,5.0,2,,,,,,My car came out immaculate.
Splash brothers Mobil detailing lab,5.0,49,,,,,,My car pretty much looked brand new and he left no streaks in my paint.
Moes Mobile Detailing,5.0,9,,,,,,"100% recommend, my car was left looking brand new like never before."
Pearl Mont Car Wash,3.5,271,,,,,,They did a really great job both on the exterior and interior of the car.
Tee Time Auto Spa,4.5,93,,,,,,I came to get a $30 (full detail) and they left it like a brand new car.
Jeters Car Wash and Custom Auto Detailing,4.6,88,,,,,,They detailed our 15 year old car and made it look new again.
FC Auto Detailing,4.9,165,,,,,,"I had not cleaned my car in a long time, and he made it look as good as new!"
Ultimate Detailing LLC,5.0,4,,,,,,Highly pleased with their work and communication.
The Touch Detailing,4.5,36,,,,,,The car looks brand new and they were very efficient and affordable.
Daniel's Mobile Detailing & Ceramic Coating,5.0,177,,,,,,"Showed up on time, the detailing was excellent - truck looks brand new."
Ultimate Detailing and Tint,4.6,32,,,,,,My vehicle looks & smells brand new again.
Dreamz Auto Spa & Tinting,5.0,38,,,,,,"Fast, convenient, reasonable price and very neat."
Soft Cloth Car Wash,4.1,383,,,,,,Came in with a filthy car went out with a spotless car!!
LB Mobile Car Wash And Detailing,5.0,38,,,,,,"Excellent service , left my car looking brand new."
DA Supreme Detailing,5.0,6,,,,,,DA Supreme did an outstanding job detailing both my Cadillac and Suburban!
Rockland 4 Seasons Car Wash,3.4,336,,,,,,My car was cleaned like a dealership brand new.
Js mobile car detailing,4.8,6,,,,,,Car was clean as a whistle in 2 hours.
Ultimate Auto Detail,4.8,51,,,,,,"After getting a full detail, my entire car looks brand new!"
Spark Car Wash,4.5,195,,,,,,After paying $12 the car came out so clean at the end.
4 Seasons Car Wash,3.5,200,,,,,,"I had my car cleaned at this car wash, and they did a decent job."
A & M Mobile Wash and Detailing,4.3,6,,,,,,Car looks and smells like new again.
Z-Line Car Wash,4.2,106,,,,,,"The car's interior is very clean, fresh and smells so good!"
Mikes Auto Detailing,5.0,61,,,,,,Mike did an excellent detailing job at a fair and reasonable price.
Unico Mobile Car Detailing,5.0,29,,,,,,... cleaned my car really good and now it looks like a brand new car!
Deluxe Mobile Detailing NC,5.0,10,,,,,,"They turned my everyday sedan into a gleaming, futuristic dream."
Hi-Teck Car Repair,4.8,279,,,,,,they really did a beautiful job on the car they are the best.
Urban Auto Mobile Detailers,5.0,11,,,,,,"My rims are sparkling, and the paint job looks immaculate."
"Santos Auto Detailing | Car Detailing Bergen County, NJ",5.0,135,,,,,,The attention to detail was incredible  my car looks better than new.
Ultimate Detailing,4.8,40,,,,,,"Reasonable prices, super friendly, great work!"
Ultimate Auto Detailing & Dent Removal,5.0,9,,,,,,
